time,vehicle_id,pedestrian_id,vehicle_exit_time,pedestrian_entry_time,PET
73.0,other_flow_ew.0,ped_1,68.0,73.0,5.0
86.0,motorcycle_flow_we.0,ped_17,85.0,86.0,1.0
101.0,bicycle_flow_nw.0,ped_24,98.0,101.0,3.0
111.0,motorcycle_flow_we.2,ped_38,110.0,111.0,1.0
112.0,motorcycle_flow_we.1,ped_35,111.0,112.0,1.0
124.0,bus_flow_nw.0,ped_72,123.0,124.0,1.0
145.0,motorcycle_flow_we.3,ped_69,143.0,145.0,2.0
154.0,motorcycle_flow_ew.3,ped_96,153.0,154.0,1.0
167.0,motorcycle_flow_nw.0,ped_67,165.0,167.0,2.0
179.0,truck_flow_nw.0,ped_135,178.0,179.0,1.0
197.0,motorcycle_flow_nw.2,ped_130,193.0,197.0,4.0
198.0,auto_flow_ew.1,ped_131,196.0,198.0,2.0
214.0,motorcycle_flow_ew.4,ped_179,211.0,214.0,3.0
226.0,motorcycle_flow_ew.5,ped_184,225.0,226.0,1.0
247.0,motorcycle_flow_we.5,ped_209,246.0,247.0,1.0
263.0,motorcycle_flow_we.5,ped_193,261.0,263.0,2.0
289.0,motorcycle_flow_we.6,ped_260,288.0,289.0,1.0
310.0,motorcycle_flow_we.6,ped_321,308.0,310.0,2.0
323.0,motorcycle_flow_ew.7,ped_314,321.0,323.0,2.0
349.0,motorcycle_flow_ew.8,ped_287,346.0,349.0,3.0
359.0,car_flow_we.2,ped_356,356.0,359.0,3.0
364.0,car_flow_we.2,ped_385,361.0,364.0,3.0
364.0,auto_flow_nw.1,ped_421,363.0,364.0,1.0
370.0,auto_flow_nw.1,ped_426,368.0,370.0,2.0
382.0,motorcycle_flow_nw.4,ped_440,381.0,382.0,1.0
389.0,motorcycle_flow_nw.4,ped_411,387.0,389.0,2.0
391.0,motorcycle_flow_ew.9,ped_395,389.0,391.0,2.0
418.0,motorcycle_flow_we.10,ped_460,415.0,418.0,3.0
444.0,motorcycle_flow_ew.10,ped_465,441.0,444.0,3.0
464.0,motorcycle_flow_we.11,ped_522,463.0,464.0,1.0
470.0,auto_flow_we.3,ped_560,469.0,470.0,1.0
475.0,auto_flow_ew.3,ped_489,474.0,475.0,1.0
479.0,auto_flow_ew.3,ped_564,477.0,479.0,2.0
509.0,car_flow_ew.3,ped_584,505.0,509.0,4.0
518.0,car_flow_we.3,ped_599,515.0,518.0,3.0
519.0,motorcycle_flow_we.12,ped_621,516.0,519.0,3.0
522.0,car_flow_we.3,ped_597,520.0,522.0,2.0
536.0,motorcycle_flow_we.13,ped_547,535.0,536.0,1.0
581.0,motorcycle_flow_nw.7,ped_703,580.0,581.0,1.0
585.0,motorcycle_flow_we.14,ped_690,584.0,585.0,1.0
608.0,motorcycle_flow_we.15,ped_699,606.0,608.0,2.0
608.0,motorcycle_flow_ew.14,ped_719,606.0,608.0,2.0
610.0,motorcycle_flow_we.15,ped_734,609.0,610.0,1.0
618.0,motorcycle_flow_ew.14,ped_765,616.0,618.0,2.0
624.0,auto_flow_nw.2,ped_763,622.0,624.0,2.0
638.0,auto_flow_ew.4,ped_750,637.0,638.0,1.0
641.0,motorcycle_flow_ew.15,ped_781,639.0,641.0,2.0
677.0,car_flow_ew.4,ped_841,672.0,677.0,5.0
681.0,car_flow_ew.4,ped_846,677.0,681.0,4.0
693.0,car_flow_nw.2,ped_867,690.0,693.0,3.0
695.0,car_flow_we.4,ped_901,694.0,695.0,1.0
699.0,motorcycle_flow_we.16,ped_816,696.0,699.0,3.0
704.0,car_flow_we.4,ped_748,701.0,704.0,3.0
718.0,motorcycle_flow_ew.17,ped_860,714.0,718.0,4.0
721.0,motorcycle_flow_ew.17,ped_891,720.0,721.0,1.0
739.0,motorcycle_flow_ew.18,ped_920,735.0,739.0,4.0
747.0,motorcycle_flow_nw.9,ped_952,744.0,747.0,3.0
762.0,motorcycle_flow_we.18,ped_965,760.0,762.0,2.0
796.0,auto_flow_we.5,ped_1032,795.0,796.0,1.0
802.0,auto_flow_we.5,ped_1013,801.0,802.0,1.0
816.0,motorcycle_flow_we.20,ped_1026,814.0,816.0,2.0
819.0,motorcycle_flow_ew.20,ped_1069,815.0,819.0,4.0
829.0,motorcycle_flow_nw.10,ped_1034,828.0,829.0,1.0
840.0,car_flow_we.5,ped_1043,836.0,840.0,4.0
858.0,motorcycle_flow_we.21,ped_1075,855.0,858.0,3.0
860.0,motorcycle_flow_we.21,ped_1127,859.0,860.0,1.0
864.0,motorcycle_flow_ew.21,ped_1090,863.0,864.0,1.0
869.0,motorcycle_flow_ew.21,ped_1130,867.0,869.0,2.0
898.0,motorcycle_flow_ew.22,ped_1110,895.0,898.0,3.0
900.0,motorcycle_flow_ew.22,ped_1193,899.0,900.0,1.0
909.0,motorcycle_flow_we.22,ped_1148,907.0,909.0,2.0
915.0,motorcycle_flow_nw.11,ped_1173,914.0,915.0,1.0
920.0,motorcycle_flow_we.23,ped_1155,916.0,920.0,4.0
931.0,auto_flow_we.6,ped_1198,930.0,931.0,1.0
938.0,auto_flow_nw.3,ped_1233,937.0,938.0,1.0
965.0,motorcycle_flow_we.24,ped_1275,964.0,965.0,1.0
970.0,car_flow_we.6,ped_1228,966.0,970.0,4.0
973.0,car_flow_we.6,ped_1242,970.0,973.0,3.0
976.0,motorcycle_flow_nw.12,ped_1285,975.0,976.0,1.0
995.0,car_flow_ew.6,ped_1255,993.0,995.0,2.0
1002.0,car_flow_ew.6,ped_1301,998.0,1002.0,4.0
1019.0,car_flow_nw.3,ped_1283,1017.0,1019.0,2.0
1019.0,car_flow_nw.3,ped_1338,1014.0,1019.0,5.0
1028.0,motorcycle_flow_we.25,ped_1293,1026.0,1028.0,2.0
